url_path,views_total,views_unique
/alan-turing-institute/autoemulate/pulls,65,4
/alan-turing-institute/autoemulate,62,11
/alan-turing-institute/autoemulate/pull/775,22,3
/alan-turing-institute/autoemulate/pull/776,16,3
/alan-turing-institute/autoemulate/issues,16,2
/alan-turing-institute/autoemulate/pull/772,11,3
/alan-turing-institute/autoemulate/actions/runs/17269709252/job/49077323330,11,2
/alan-turing-institute/autoemulate/pull/778,9,3
/alan-turing-institute/autoemulate/pull/775/files,9,2
/alan-turing-institute/autoemulate/pull/632,8,2
